{
  "avg_replicas": 5.0,
  "max_replicas": 5,
  "min_replicas": 5,
  "avg_gpu": 93.11999999999999,
  "avg_latency": 32531.57366812229,
  "requests": 16,
  "failed": 104
}